miRNA_ID	read_count	reads_per_million_miRNA_mapped	cross-mapped
hsa-let-7a-1	95589	18688.184795	N
hsa-let-7a-2	92507	18085.636536	Y
hsa-let-7a-3	92592	18102.254512	N
hsa-let-7b	43081	8422.576752	N
hsa-let-7c	20862	4078.637826	Y
hsa-let-7d	13174	2575.590774	N
hsa-let-7e	8320	1626.606592	N
hsa-let-7f-1	111803	21858.112593	N
hsa-let-7f-2	121058	23667.516921	N
hsa-let-7g	115717	22623.321511	N
hsa-let-7i	25779	5039.938861	N
hsa-mir-1-1	1693	330.990981	N
hsa-mir-1-2	1712	334.705587	N
hsa-mir-100	33606	6570.161192	Y
hsa-mir-101-1	11747	2296.604283	N
hsa-mir-101-2	12973	2536.294148	N
hsa-mir-103a-1	31729	6203.197181	Y
hsa-mir-103a-2	33243	6499.192660	Y
hsa-mir-103b-1	0	0.000000	N
hsa-mir-103b-2	0	0.000000	N
hsa-mir-105-1	0	0.000000	N
hsa-mir-105-2	0	0.000000	N
hsa-mir-106a	421	82.307858	Y
hsa-mir-106b	4155	812.325768	N
hsa-mir-107	6661	1302.262801	Y
hsa-mir-10a	157517	30795.455590	N
hsa-mir-10b	371561	72642.256228	N
hsa-mir-1178	0	0.000000	N
hsa-mir-1179	8	1.564045	N
hsa-mir-1180	327	63.930331	N
hsa-mir-1181	0	0.000000	N
hsa-mir-1182	0	0.000000	N
hsa-mir-1183	0	0.000000	N
hsa-mir-1184-1	0	0.000000	N
hsa-mir-1184-2	0	0.000000	N
hsa-mir-1184-3	0	0.000000	N
hsa-mir-1185-1	8	1.564045	N
hsa-mir-1185-2	4	0.782022	N
hsa-mir-1193	0	0.000000	N
hsa-mir-1197	2	0.391011	N
hsa-mir-1199	0	0.000000	N
hsa-mir-1200	0	0.000000	N
hsa-mir-1202	0	0.000000	N
hsa-mir-1203	0	0.000000	N
hsa-mir-1204	0	0.000000	N
hsa-mir-1205	0	0.000000	N
hsa-mir-1206	0	0.000000	N
hsa-mir-1207	0	0.000000	N
hsa-mir-1208	0	0.000000	N
hsa-mir-122	15	2.932584	N
hsa-mir-1224	0	0.000000	N
hsa-mir-1225	1	0.195506	N
hsa-mir-1226	11	2.150562	N
hsa-mir-1227	0	0.000000	N
hsa-mir-1228	4	0.782022	N
hsa-mir-1229	4	0.782022	N
hsa-mir-1231	0	0.000000	N
hsa-mir-1233-1	0	0.000000	N
hsa-mir-1233-2	0	0.000000	N
hsa-mir-1234	2	0.391011	N
hsa-mir-1236	0	0.000000	N
hsa-mir-1237	0	0.000000	N
hsa-mir-1238	0	0.000000	N
hsa-mir-124-1	42	8.211235	N
hsa-mir-124-2	26	5.083146	N
hsa-mir-124-3	22	4.301123	N
hsa-mir-1243	0	0.000000	N
hsa-mir-1244-1	0	0.000000	N
hsa-mir-1244-2	0	0.000000	N
hsa-mir-1244-3	0	0.000000	N
hsa-mir-1244-4	0	0.000000	N
hsa-mir-1245a	2	0.391011	N
hsa-mir-1245b	0	0.000000	N
hsa-mir-1246	0	0.000000	N
hsa-mir-1247	58	11.339325	N
hsa-mir-1248	49	9.579774	N
hsa-mir-1249	23	4.496629	N
hsa-mir-1250	6	1.173034	N
hsa-mir-1251	13	2.541573	N
hsa-mir-1252	0	0.000000	N
hsa-mir-1253	0	0.000000	N
hsa-mir-1254-1	3	0.586517	N
hsa-mir-1254-2	8	1.564045	N
hsa-mir-1255a	3	0.586517	N
hsa-mir-1255b-1	0	0.000000	N
hsa-mir-1255b-2	0	0.000000	N
hsa-mir-1256	0	0.000000	N
hsa-mir-1257	0	0.000000	N
hsa-mir-1258	1	0.195506	N
hsa-mir-125a	125852	24604.770767	N
hsa-mir-125b-1	41039	8023.354317	N
hsa-mir-125b-2	40965	8008.886903	N
hsa-mir-126	34003	6647.776916	N
hsa-mir-1260a	0	0.000000	N
hsa-mir-1260b	5	0.977528	N
hsa-mir-1261	0	0.000000	N
hsa-mir-1262	14	2.737078	N
hsa-mir-1263	15	2.932584	N
hsa-mir-1264	0	0.000000	N
hsa-mir-1265	0	0.000000	N
hsa-mir-1266	1	0.195506	N
hsa-mir-1267	0	0.000000	N
hsa-mir-1268a	0	0.000000	N
hsa-mir-1268b	0	0.000000	N
hsa-mir-1269a	15	2.932584	N
hsa-mir-1269b	28	5.474157	N
hsa-mir-127	1285	251.224696	N
hsa-mir-1270	77	15.053931	N
hsa-mir-1271	321	62.757298	N
hsa-mir-1272	0	0.000000	N
hsa-mir-1273a	0	0.000000	N
hsa-mir-1273c	1	0.195506	N
hsa-mir-1273d	0	0.000000	N
hsa-mir-1273e	0	0.000000	N
hsa-mir-1273f	0	0.000000	N
hsa-mir-1273g	0	0.000000	N
hsa-mir-1273h	0	0.000000	N
hsa-mir-1275	1	0.195506	N
hsa-mir-1276	1	0.195506	N
hsa-mir-1277	0	0.000000	N
hsa-mir-1278	1	0.195506	N
hsa-mir-1279	0	0.000000	N
hsa-mir-128-1	2075	405.674120	N
hsa-mir-128-2	1092	213.492115	N
hsa-mir-1281	0	0.000000	N
hsa-mir-1282	0	0.000000	N
hsa-mir-1283-1	0	0.000000	N
hsa-mir-1283-2	0	0.000000	N
hsa-mir-1284	10	1.955056	N
hsa-mir-1285-1	0	0.000000	N
hsa-mir-1285-2	0	0.000000	N
hsa-mir-1286	0	0.000000	N
hsa-mir-1287	25	4.887640	N
hsa-mir-1288	2	0.391011	N
hsa-mir-1289-1	1	0.195506	N
hsa-mir-1289-2	0	0.000000	N
hsa-mir-129-1	78	15.249437	N
hsa-mir-129-2	43	8.406741	N
hsa-mir-1290	0	0.000000	N
hsa-mir-1291	17	3.323595	N
hsa-mir-1292	21	4.105618	N
hsa-mir-1293	0	0.000000	N
hsa-mir-1294	4	0.782022	N
hsa-mir-1295a	6	1.173034	N
hsa-mir-1295b	0	0.000000	N
hsa-mir-1296	239	46.725838	N
hsa-mir-1297	0	0.000000	N
hsa-mir-1298	3	0.586517	N
hsa-mir-1299	0	0.000000	N
hsa-mir-1301	329	64.321342	N
hsa-mir-1302-1	0	0.000000	N
hsa-mir-1302-10	0	0.000000	N
hsa-mir-1302-11	0	0.000000	N
hsa-mir-1302-2	0	0.000000	N
hsa-mir-1302-3	0	0.000000	N
hsa-mir-1302-4	0	0.000000	N
hsa-mir-1302-5	0	0.000000	N
hsa-mir-1302-6	0	0.000000	N
hsa-mir-1302-7	2	0.391011	N
hsa-mir-1302-8	0	0.000000	N
hsa-mir-1302-9	0	0.000000	N
hsa-mir-1303	6	1.173034	N
hsa-mir-1304	7	1.368539	N
hsa-mir-1305	3	0.586517	N
hsa-mir-1306	27	5.278651	N
hsa-mir-1307	753	147.215717	N
hsa-mir-130a	516	100.880890	N
hsa-mir-130b	187	36.559547	N
hsa-mir-132	1453	284.069637	N
hsa-mir-1321	0	0.000000	N
hsa-mir-1322	0	0.000000	N
hsa-mir-1323	0	0.000000	N
hsa-mir-1324	0	0.000000	N
hsa-mir-133a-1	253	49.462917	Y
hsa-mir-133a-2	267	52.199995	Y
hsa-mir-133b	8	1.564045	Y
hsa-mir-134	68	13.294381	N
hsa-mir-1343	10	1.955056	N
hsa-mir-135a-1	4214	823.860598	N
hsa-mir-135a-2	4607	900.694299	N
hsa-mir-135b	1891	369.701090	N
hsa-mir-136	138	26.979773	N
hsa-mir-137	8	1.564045	N
hsa-mir-138-1	447	87.391003	N
hsa-mir-138-2	113	22.092133	N
hsa-mir-139	2609	510.074110	N
hsa-mir-140	22951	4487.049025	N
hsa-mir-141	88	17.204493	N
hsa-mir-142	1124	219.748294	N
hsa-mir-143	156915	30677.761218	N
hsa-mir-144	1570	306.943792	N
hsa-mir-145	30096	5883.936537	N
hsa-mir-1468	98	19.159549	N
hsa-mir-1469	0	0.000000	N
hsa-mir-146a	3207	626.986459	N
hsa-mir-146b	28899	5649.916333	N
hsa-mir-1470	0	0.000000	N
hsa-mir-1471	0	0.000000	N
hsa-mir-147a	0	0.000000	N
hsa-mir-147b	3	0.586517	N
hsa-mir-148a	7873	1539.215589	N
hsa-mir-148b	1735	339.202216	N
hsa-mir-149	328	64.125837	N
hsa-mir-150	2807	548.784219	N
hsa-mir-151a	12606	2464.543593	N
hsa-mir-151b	76	14.858426	N
hsa-mir-152	1997	390.424683	N
hsa-mir-153-1	1	0.195506	N
hsa-mir-153-2	0	0.000000	N
hsa-mir-1537	1	0.195506	N
hsa-mir-1538	1	0.195506	N
hsa-mir-1539	0	0.000000	N
hsa-mir-154	88	17.204493	N
hsa-mir-155	1963	383.777493	N
hsa-mir-1587	0	0.000000	N
hsa-mir-15a	632	123.559539	N
hsa-mir-15b	4602	899.716771	N
hsa-mir-16-1	10219	1997.871726	N
hsa-mir-16-2	11388	2226.417772	N
hsa-mir-17	1421	277.813458	Y
hsa-mir-181a-1	9662	1888.975107	Y
hsa-mir-181a-2	9934	1942.152630	N
hsa-mir-181b-1	2326	454.746026	N
hsa-mir-181b-2	2919	570.680846	N
hsa-mir-181c	207	40.469659	Y
hsa-mir-181d	106	20.723594	N
hsa-mir-182	5398	1055.339229	N
hsa-mir-1825	0	0.000000	N
hsa-mir-1827	0	0.000000	N
hsa-mir-183	3619	707.534766	N
hsa-mir-184	87	17.008987	N
hsa-mir-185	1744	340.961766	N
hsa-mir-186	5360	1047.910016	N
hsa-mir-187	58	11.339325	N
hsa-mir-188	48	9.384269	N
hsa-mir-18a	111	21.701122	Y
hsa-mir-18b	8	1.564045	Y
hsa-mir-1908	0	0.000000	N
hsa-mir-1909	0	0.000000	N
hsa-mir-190a	618	120.822461	N
hsa-mir-190b	4	0.782022	N
hsa-mir-191	33160	6482.965695	N
hsa-mir-1910	0	0.000000	N
hsa-mir-1911	0	0.000000	N
hsa-mir-1912	0	0.000000	N
hsa-mir-1913	0	0.000000	N
hsa-mir-1914	0	0.000000	N
hsa-mir-1915	1	0.195506	N
hsa-mir-192	38122	7453.064482	Y
hsa-mir-193a	754	147.411222	N
hsa-mir-193b	774	151.321334	N
hsa-mir-194-1	4937	965.211147	N
hsa-mir-194-2	22401	4379.520945	N
hsa-mir-195	5252	1026.795411	N
hsa-mir-196a-1	1674	327.276374	N
hsa-mir-196a-2	4709	920.635870	N
hsa-mir-196b	2102	410.952771	N
hsa-mir-197	1924	376.152774	N
hsa-mir-1972-1	0	0.000000	N
hsa-mir-1972-2	0	0.000000	N
hsa-mir-1973	0	0.000000	N
hsa-mir-1976	20	3.910112	N
hsa-mir-198	1	0.195506	N
hsa-mir-199a-1	19986	3907.374921	Y
hsa-mir-199a-2	35115	6865.179143	Y
hsa-mir-199b	47693	9324.248579	Y
hsa-mir-19a	149	29.130334	N
hsa-mir-19b-1	890	173.999984	N
hsa-mir-19b-2	865	169.112344	N
hsa-mir-200a	11882	2322.997539	N
hsa-mir-200b	44887	8775.659866	N
hsa-mir-200c	8752	1711.065011	N
hsa-mir-202	1	0.195506	N
hsa-mir-203a	525	102.640440	N
hsa-mir-203b	11	2.150562	N
hsa-mir-204	45768	8947.900299	N
hsa-mir-205	33	6.451685	N
hsa-mir-2052	0	0.000000	N
hsa-mir-2053	0	0.000000	N
hsa-mir-2054	0	0.000000	N
hsa-mir-206	12	2.346067	N
hsa-mir-208a	0	0.000000	N
hsa-mir-208b	0	0.000000	N
hsa-mir-20a	4333	847.125765	N
hsa-mir-20b	437	85.435947	N
hsa-mir-21	557539	109001.996699	N
hsa-mir-210	129	25.220222	N
hsa-mir-211	39	7.624718	N
hsa-mir-2110	95	18.573032	N
hsa-mir-2113	0	0.000000	N
hsa-mir-2114	11	2.150562	N
hsa-mir-2115	2	0.391011	N
hsa-mir-2116	9	1.759550	N
hsa-mir-2117	0	0.000000	N
hsa-mir-212	181	35.386514	N
hsa-mir-214	3042	594.728035	N
hsa-mir-215	21	4.105618	Y
hsa-mir-216a	2	0.391011	N
hsa-mir-216b	25	4.887640	N
hsa-mir-217	23	4.496629	N
hsa-mir-218-1	1449	283.287614	N
hsa-mir-218-2	1262	246.728067	N
hsa-mir-219a-1	3	0.586517	N
hsa-mir-219a-2	0	0.000000	N
hsa-mir-219b	4	0.782022	N
hsa-mir-22	6448	1260.620109	N
hsa-mir-221	11347	2218.402043	N
hsa-mir-222	4938	965.406653	N
hsa-mir-223	4582	895.806659	N
hsa-mir-224	957	187.098859	N
hsa-mir-2276	3	0.586517	N
hsa-mir-2277	17	3.323595	N
hsa-mir-2278	0	0.000000	N
hsa-mir-2355	69	13.489886	N
hsa-mir-2392	0	0.000000	N
hsa-mir-23a	72838	14240.236890	Y
hsa-mir-23b	60338	11796.416891	Y
hsa-mir-23c	5	0.977528	N
hsa-mir-24-1	10010	1957.011056	N
hsa-mir-24-2	9837	1923.188587	N
hsa-mir-2467	0	0.000000	N
hsa-mir-25	6946	1357.981897	N
hsa-mir-2681	5	0.977528	N
hsa-mir-2682	0	0.000000	N
hsa-mir-26a-1	252228	49311.986468	N
hsa-mir-26a-2	257002	50245.330202	N
hsa-mir-26b	95999	18768.342091	N
hsa-mir-27a	8597	1680.761643	Y
hsa-mir-27b	91492	17887.198352	Y
hsa-mir-28	5933	1159.934725	N
hsa-mir-2861	0	0.000000	N
hsa-mir-2909	0	0.000000	N
hsa-mir-296	29	5.669662	N
hsa-mir-297	0	0.000000	N
hsa-mir-298	0	0.000000	N
hsa-mir-299	58	11.339325	N
hsa-mir-29a	37640	7358.830783	N
hsa-mir-29b-1	459	89.737070	Y
hsa-mir-29b-2	948	185.339309	Y
hsa-mir-29c	4553	890.136997	Y
hsa-mir-300	0	0.000000	N
hsa-mir-301a	31	6.060674	N
hsa-mir-301b	0	0.000000	N
hsa-mir-302a	3	0.586517	N
hsa-mir-302b	0	0.000000	N
hsa-mir-302c	0	0.000000	N
hsa-mir-302d	0	0.000000	N
hsa-mir-302e	0	0.000000	N
hsa-mir-302f	0	0.000000	N
hsa-mir-3064	6	1.173034	N
hsa-mir-3065	103	20.137077	N
hsa-mir-3074	10	1.955056	N
hsa-mir-30a	546807	106903.830600	Y
hsa-mir-30b	19010	3716.561455	Y
hsa-mir-30c-1	52833	10329.147363	Y
hsa-mir-30c-2	55888	10926.416971	Y
hsa-mir-30d	180366	35262.563043	N
hsa-mir-30e	17424	3406.489574	Y
hsa-mir-31	1052	205.671891	N
hsa-mir-3115	0	0.000000	N
hsa-mir-3116-1	0	0.000000	N
hsa-mir-3116-2	1	0.195506	N
hsa-mir-3117	3	0.586517	N
hsa-mir-3118-1	0	0.000000	N
hsa-mir-3118-2	0	0.000000	N
hsa-mir-3118-3	0	0.000000	N
hsa-mir-3118-4	0	0.000000	N
hsa-mir-3119-1	0	0.000000	N
hsa-mir-3119-2	0	0.000000	N
hsa-mir-3120	0	0.000000	N
hsa-mir-3121	0	0.000000	N
hsa-mir-3122	0	0.000000	N
hsa-mir-3123	0	0.000000	N
hsa-mir-3124	1	0.195506	N
hsa-mir-3125	5	0.977528	N
hsa-mir-3126	1	0.195506	N
hsa-mir-3127	0	0.000000	N
hsa-mir-3128	1	0.195506	N
hsa-mir-3129	1	0.195506	N
hsa-mir-3130-1	0	0.000000	N
hsa-mir-3130-2	1	0.195506	N
hsa-mir-3131	2	0.391011	N
hsa-mir-3132	1	0.195506	N
hsa-mir-3133	0	0.000000	N
hsa-mir-3134	0	0.000000	N
hsa-mir-3135a	0	0.000000	N
hsa-mir-3135b	0	0.000000	N
hsa-mir-3136	2	0.391011	N
hsa-mir-3137	0	0.000000	N
hsa-mir-3138	1	0.195506	N
hsa-mir-3139	0	0.000000	N
hsa-mir-3140	0	0.000000	N
hsa-mir-3141	0	0.000000	N
hsa-mir-3142	0	0.000000	N
hsa-mir-3143	0	0.000000	N
hsa-mir-3144	1	0.195506	N
hsa-mir-3145	7	1.368539	N
hsa-mir-3146	1	0.195506	N
hsa-mir-3147	0	0.000000	N
hsa-mir-3148	0	0.000000	N
hsa-mir-3149	0	0.000000	N
hsa-mir-3150a	0	0.000000	N
hsa-mir-3150b	0	0.000000	N
hsa-mir-3151	0	0.000000	N
hsa-mir-3152	0	0.000000	N
hsa-mir-3153	0	0.000000	N
hsa-mir-3154	0	0.000000	N
hsa-mir-3155a	0	0.000000	N
hsa-mir-3155b	0	0.000000	N
hsa-mir-3156-1	0	0.000000	N
hsa-mir-3156-2	0	0.000000	N
hsa-mir-3156-3	0	0.000000	N
hsa-mir-3157	2	0.391011	N
hsa-mir-3158-1	1	0.195506	N
hsa-mir-3158-2	3	0.586517	N
hsa-mir-3159	1	0.195506	N
hsa-mir-3160-1	0	0.000000	N
hsa-mir-3160-2	0	0.000000	N
hsa-mir-3161	0	0.000000	N
hsa-mir-3162	0	0.000000	N
hsa-mir-3163	2	0.391011	N
hsa-mir-3164	1	0.195506	N
hsa-mir-3165	0	0.000000	N
hsa-mir-3166	0	0.000000	N
hsa-mir-3167	0	0.000000	N
hsa-mir-3168	0	0.000000	N
hsa-mir-3169	0	0.000000	N
hsa-mir-3170	1	0.195506	N
hsa-mir-3171	0	0.000000	N
hsa-mir-3173	13	2.541573	N
hsa-mir-3174	2	0.391011	N
hsa-mir-3175	0	0.000000	N
hsa-mir-3176	0	0.000000	N
hsa-mir-3177	1	0.195506	N
hsa-mir-3178	0	0.000000	N
hsa-mir-3179-1	0	0.000000	N
hsa-mir-3179-2	0	0.000000	N
hsa-mir-3179-3	0	0.000000	N
hsa-mir-3179-4	0	0.000000	N
hsa-mir-3180-1	0	0.000000	N
hsa-mir-3180-2	0	0.000000	N
hsa-mir-3180-3	0	0.000000	N
hsa-mir-3180-4	0	0.000000	N
hsa-mir-3180-5	0	0.000000	N
hsa-mir-3181	0	0.000000	N
hsa-mir-3182	0	0.000000	N
hsa-mir-3183	0	0.000000	N
hsa-mir-3184	0	0.000000	N
hsa-mir-3185	0	0.000000	N
hsa-mir-3186	0	0.000000	N
hsa-mir-3187	1	0.195506	N
hsa-mir-3188	4	0.782022	N
hsa-mir-3189	0	0.000000	N
hsa-mir-3190	1	0.195506	N
hsa-mir-3191	0	0.000000	N
hsa-mir-3192	1	0.195506	N
hsa-mir-3193	1	0.195506	N
hsa-mir-3194	0	0.000000	N
hsa-mir-3195	1	0.195506	N
hsa-mir-3196	0	0.000000	N
hsa-mir-3197	0	0.000000	N
hsa-mir-3198-1	1	0.195506	N
hsa-mir-3198-2	0	0.000000	N
hsa-mir-3199-1	4	0.782022	N
hsa-mir-3199-2	4	0.782022	N
hsa-mir-32	330	64.516848	N
hsa-mir-3200	13	2.541573	N
hsa-mir-3201	0	0.000000	N
hsa-mir-3202-1	0	0.000000	N
hsa-mir-3202-2	0	0.000000	N
hsa-mir-320a	6059	1184.568430	Y
hsa-mir-320b-1	40	7.820224	Y
hsa-mir-320b-2	67	13.098875	Y
hsa-mir-320c-1	3	0.586517	N
hsa-mir-320c-2	6	1.173034	N
hsa-mir-320d-1	3	0.586517	N
hsa-mir-320d-2	2	0.391011	N
hsa-mir-320e	0	0.000000	N
hsa-mir-323a	141	27.566290	N
hsa-mir-323b	21	4.105618	N
hsa-mir-324	455	88.955048	N
hsa-mir-325	0	0.000000	N
hsa-mir-326	4	0.782022	N
hsa-mir-328	704	137.635942	N
hsa-mir-329-1	65	12.707864	N
hsa-mir-329-2	49	9.579774	N
hsa-mir-330	265	51.808984	N
hsa-mir-331	285	55.719096	N
hsa-mir-335	2556	499.712314	N
hsa-mir-337	173	33.822469	N
hsa-mir-338	175	34.213480	N
hsa-mir-339	1134	221.703350	N
hsa-mir-33a	23	4.496629	N
hsa-mir-33b	0	0.000000	N
hsa-mir-340	2322	453.964003	N
hsa-mir-342	2934	573.613430	N
hsa-mir-345	262	51.222467	N
hsa-mir-346	10	1.955056	N
hsa-mir-34a	2515	491.696584	N
hsa-mir-34b	6	1.173034	N
hsa-mir-34c	29	5.669662	N
hsa-mir-3529	0	0.000000	N
hsa-mir-3591	12	2.346067	N
hsa-mir-3605	69	13.489886	N
hsa-mir-3606	0	0.000000	N
hsa-mir-3607	99	19.355054	N
hsa-mir-3609	150	29.325840	N
hsa-mir-361	8789	1718.298718	N
hsa-mir-3610	0	0.000000	N
hsa-mir-3611	0	0.000000	N
hsa-mir-3612	0	0.000000	N
hsa-mir-3613	305	59.629208	N
hsa-mir-3614	1	0.195506	N
hsa-mir-3615	89	17.399998	N
hsa-mir-3616	2	0.391011	N
hsa-mir-3617	0	0.000000	N
hsa-mir-3618	1	0.195506	N
hsa-mir-3619	0	0.000000	N
hsa-mir-362	4087	799.031387	N
hsa-mir-3620	0	0.000000	N
hsa-mir-3621	0	0.000000	N
hsa-mir-3622a	2	0.391011	N
hsa-mir-3622b	1	0.195506	N
hsa-mir-363	3406	665.892073	N
hsa-mir-3646	0	0.000000	N
hsa-mir-3648-1	0	0.000000	N
hsa-mir-3648-2	0	0.000000	N
hsa-mir-3649	0	0.000000	N
hsa-mir-3650	0	0.000000	N
hsa-mir-3651	4	0.782022	N
hsa-mir-3652	1	0.195506	N
hsa-mir-3653	51	9.970786	N
hsa-mir-3654	0	0.000000	N
hsa-mir-3655	1	0.195506	N
hsa-mir-3656	0	0.000000	N
hsa-mir-3657	0	0.000000	N
hsa-mir-3658	0	0.000000	N
hsa-mir-3659	0	0.000000	N
hsa-mir-365a	1921	375.566258	Y
hsa-mir-365b	1921	375.566258	Y
hsa-mir-3660	1	0.195506	N
hsa-mir-3661	0	0.000000	N
hsa-mir-3662	0	0.000000	N
hsa-mir-3663	0	0.000000	N
hsa-mir-3664	8	1.564045	N
hsa-mir-3665	0	0.000000	N
hsa-mir-3666	0	0.000000	N
hsa-mir-3667	0	0.000000	N
hsa-mir-3668	0	0.000000	N
hsa-mir-367	0	0.000000	N
hsa-mir-3670-1	0	0.000000	N
hsa-mir-3670-2	0	0.000000	N
hsa-mir-3670-3	0	0.000000	N
hsa-mir-3670-4	0	0.000000	N
hsa-mir-3671	0	0.000000	N
hsa-mir-3672	0	0.000000	N
hsa-mir-3674	0	0.000000	N
hsa-mir-3675	0	0.000000	N
hsa-mir-3677	0	0.000000	N
hsa-mir-3678	1	0.195506	N
hsa-mir-3679	0	0.000000	N
hsa-mir-3680-1	0	0.000000	N
hsa-mir-3680-2	0	0.000000	N
hsa-mir-3681	0	0.000000	N
hsa-mir-3682	0	0.000000	N
hsa-mir-3683	0	0.000000	N
hsa-mir-3684	5	0.977528	N
hsa-mir-3685	0	0.000000	N
hsa-mir-3686	0	0.000000	N
hsa-mir-3687-1	0	0.000000	N
hsa-mir-3687-2	0	0.000000	N
hsa-mir-3688-1	1	0.195506	N
hsa-mir-3688-2	1	0.195506	N
hsa-mir-3689a	0	0.000000	N
hsa-mir-3689b	0	0.000000	N
hsa-mir-3689c	0	0.000000	N
hsa-mir-3689d-1	0	0.000000	N
hsa-mir-3689d-2	0	0.000000	N
hsa-mir-3689e	0	0.000000	N
hsa-mir-3689f	0	0.000000	N
hsa-mir-369	1028	200.979757	N
hsa-mir-3690-1	10	1.955056	N
hsa-mir-3690-2	0	0.000000	N
hsa-mir-3691	5	0.977528	N
hsa-mir-3692	0	0.000000	N
hsa-mir-370	27	5.278651	N
hsa-mir-3713	0	0.000000	N
hsa-mir-3714	0	0.000000	N
hsa-mir-371a	0	0.000000	N
hsa-mir-371b	2	0.391011	N
hsa-mir-372	0	0.000000	N
hsa-mir-373	0	0.000000	N
hsa-mir-374a	969	189.444926	N
hsa-mir-374b	1766	345.262890	Y
hsa-mir-374c	42	8.211235	Y
hsa-mir-375	258	50.440445	N
hsa-mir-376a-1	20	3.910112	N
hsa-mir-376a-2	10	1.955056	N
hsa-mir-376b	10	1.955056	Y
hsa-mir-376c	274	53.568534	Y
hsa-mir-377	21	4.105618	N
hsa-mir-378a	4994	976.354966	N
hsa-mir-378b	0	0.000000	N
hsa-mir-378c	22	4.301123	N
hsa-mir-378d-1	32	6.256179	N
hsa-mir-378d-2	68	13.294381	N
hsa-mir-378e	0	0.000000	N
hsa-mir-378f	0	0.000000	N
hsa-mir-378g	1	0.195506	N
hsa-mir-378h	0	0.000000	N
hsa-mir-378i	0	0.000000	N
hsa-mir-378j	0	0.000000	N
hsa-mir-379	230	44.966288	N
hsa-mir-380	20	3.910112	N
hsa-mir-381	120	23.460672	N
hsa-mir-382	382	74.683139	N
hsa-mir-383	2	0.391011	N
hsa-mir-384	0	0.000000	N
hsa-mir-3907	0	0.000000	N
hsa-mir-3908	0	0.000000	N
hsa-mir-3909	41	8.015730	N
hsa-mir-3910-1	1	0.195506	N
hsa-mir-3910-2	0	0.000000	N
hsa-mir-3911	0	0.000000	N
hsa-mir-3912	6	1.173034	N
hsa-mir-3913-1	12	2.346067	N
hsa-mir-3913-2	6	1.173034	N
hsa-mir-3914-1	0	0.000000	N
hsa-mir-3914-2	0	0.000000	N
hsa-mir-3915	0	0.000000	N
hsa-mir-3916	1	0.195506	N
hsa-mir-3917	0	0.000000	N
hsa-mir-3918	0	0.000000	N
hsa-mir-3919	0	0.000000	N
hsa-mir-3920	0	0.000000	N
hsa-mir-3921	0	0.000000	N
hsa-mir-3922	0	0.000000	N
hsa-mir-3923	0	0.000000	N
hsa-mir-3924	0	0.000000	N
hsa-mir-3925	0	0.000000	N
hsa-mir-3926-1	0	0.000000	N
hsa-mir-3926-2	0	0.000000	N
hsa-mir-3927	0	0.000000	N
hsa-mir-3928	8	1.564045	N
hsa-mir-3929	0	0.000000	N
hsa-mir-3934	1	0.195506	N
hsa-mir-3935	0	0.000000	N
hsa-mir-3936	1	0.195506	N
hsa-mir-3937	0	0.000000	N
hsa-mir-3938	0	0.000000	N
hsa-mir-3939	1	0.195506	N
hsa-mir-3940	3	0.586517	N
hsa-mir-3941	2	0.391011	N
hsa-mir-3942	3	0.586517	N
hsa-mir-3943	0	0.000000	N
hsa-mir-3944	1	0.195506	N
hsa-mir-3945	0	0.000000	N
hsa-mir-3960	0	0.000000	N
hsa-mir-3972	0	0.000000	N
hsa-mir-3973	0	0.000000	N
hsa-mir-3974	0	0.000000	N
hsa-mir-3975	0	0.000000	N
hsa-mir-3976	0	0.000000	N
hsa-mir-3977	0	0.000000	N
hsa-mir-3978	0	0.000000	N
hsa-mir-409	997	194.919083	N
hsa-mir-410	19	3.714606	N
hsa-mir-411	273	53.373029	N
hsa-mir-412	33	6.451685	N
hsa-mir-421	329	64.321342	N
hsa-mir-422a	0	0.000000	N
hsa-mir-423	19145	3742.954711	N
hsa-mir-424	1789	349.759518	N
hsa-mir-425	2266	443.015690	N
hsa-mir-4251	0	0.000000	N
hsa-mir-4252	0	0.000000	N
hsa-mir-4253	0	0.000000	N
hsa-mir-4254	0	0.000000	N
hsa-mir-4255	0	0.000000	N
hsa-mir-4256	0	0.000000	N
hsa-mir-4257	0	0.000000	N
hsa-mir-4258	0	0.000000	N
hsa-mir-4259	0	0.000000	N
hsa-mir-4260	0	0.000000	N
hsa-mir-4261	0	0.000000	N
hsa-mir-4262	0	0.000000	N
hsa-mir-4263	0	0.000000	N
hsa-mir-4264	0	0.000000	N
hsa-mir-4265	0	0.000000	N
hsa-mir-4266	0	0.000000	N
hsa-mir-4267	0	0.000000	N
hsa-mir-4268	0	0.000000	N
hsa-mir-4269	0	0.000000	N
hsa-mir-4270	0	0.000000	N
hsa-mir-4271	0	0.000000	N
hsa-mir-4272	0	0.000000	N
hsa-mir-4273	0	0.000000	N
hsa-mir-4274	0	0.000000	N
hsa-mir-4275	0	0.000000	N
hsa-mir-4276	0	0.000000	N
hsa-mir-4277	0	0.000000	N
hsa-mir-4278	0	0.000000	N
hsa-mir-4279	0	0.000000	N
hsa-mir-4280	0	0.000000	N
hsa-mir-4281	0	0.000000	N
hsa-mir-4282	0	0.000000	N
hsa-mir-4283-1	0	0.000000	N
hsa-mir-4283-2	0	0.000000	N
hsa-mir-4284	0	0.000000	N
hsa-mir-4285	0	0.000000	N
hsa-mir-4286	1	0.195506	N
hsa-mir-4287	0	0.000000	N
hsa-mir-4288	0	0.000000	N
hsa-mir-4289	0	0.000000	N
hsa-mir-429	7423	1451.238069	N
hsa-mir-4290	0	0.000000	N
hsa-mir-4291	0	0.000000	N
hsa-mir-4292	0	0.000000	N
hsa-mir-4293	0	0.000000	N
hsa-mir-4294	0	0.000000	N
hsa-mir-4295	0	0.000000	N
hsa-mir-4296	0	0.000000	N
hsa-mir-4297	0	0.000000	N
hsa-mir-4298	0	0.000000	N
hsa-mir-4299	0	0.000000	N
hsa-mir-4300	0	0.000000	N
hsa-mir-4301	0	0.000000	N
hsa-mir-4302	0	0.000000	N
hsa-mir-4303	0	0.000000	N
hsa-mir-4304	0	0.000000	N
hsa-mir-4305	0	0.000000	N
hsa-mir-4306	0	0.000000	N
hsa-mir-4307	0	0.000000	N
hsa-mir-4308	0	0.000000	N
hsa-mir-4309	0	0.000000	N
hsa-mir-431	32	6.256179	N
hsa-mir-4310	0	0.000000	N
hsa-mir-4311	0	0.000000	N
hsa-mir-4312	0	0.000000	N
hsa-mir-4313	0	0.000000	N
hsa-mir-4314	0	0.000000	N
hsa-mir-4315-1	0	0.000000	N
hsa-mir-4315-2	0	0.000000	N
hsa-mir-4316	0	0.000000	N
hsa-mir-4317	0	0.000000	N
hsa-mir-4318	0	0.000000	N
hsa-mir-4319	0	0.000000	N
hsa-mir-432	88	17.204493	N
hsa-mir-4320	0	0.000000	N
hsa-mir-4321	0	0.000000	N
hsa-mir-4322	0	0.000000	N
hsa-mir-4323	0	0.000000	N
hsa-mir-4324	0	0.000000	N
hsa-mir-4325	0	0.000000	N
hsa-mir-4326	44	8.602246	N
hsa-mir-4327	0	0.000000	N
hsa-mir-4328	0	0.000000	N
hsa-mir-4329	0	0.000000	N
hsa-mir-433	96	18.768538	N
hsa-mir-4330	0	0.000000	N
hsa-mir-4417	0	0.000000	N
hsa-mir-4418	0	0.000000	N
hsa-mir-4419a	0	0.000000	N
hsa-mir-4419b	0	0.000000	N
hsa-mir-4420	0	0.000000	N
hsa-mir-4421	1	0.195506	N
hsa-mir-4422	1	0.195506	N
hsa-mir-4423	5	0.977528	N
hsa-mir-4424	0	0.000000	N
hsa-mir-4425	0	0.000000	N
hsa-mir-4426	0	0.000000	N
hsa-mir-4427	0	0.000000	N
hsa-mir-4428	0	0.000000	N
hsa-mir-4429	0	0.000000	N
hsa-mir-4430	0	0.000000	N
hsa-mir-4431	0	0.000000	N
hsa-mir-4432	0	0.000000	N
hsa-mir-4433a	1	0.195506	N
hsa-mir-4433b	2	0.391011	N
hsa-mir-4434	0	0.000000	N
hsa-mir-4435-1	0	0.000000	N
hsa-mir-4435-2	0	0.000000	N
hsa-mir-4436a	0	0.000000	N
hsa-mir-4436b-1	0	0.000000	N
hsa-mir-4436b-2	0	0.000000	N
hsa-mir-4437	0	0.000000	N
hsa-mir-4438	0	0.000000	N
hsa-mir-4439	0	0.000000	N
hsa-mir-4440	0	0.000000	N
hsa-mir-4441	0	0.000000	N
hsa-mir-4442	0	0.000000	N
hsa-mir-4443	12	2.346067	N
hsa-mir-4444-1	1	0.195506	N
hsa-mir-4444-2	1	0.195506	N
hsa-mir-4445	0	0.000000	N
hsa-mir-4446	1	0.195506	N
hsa-mir-4447	0	0.000000	N
hsa-mir-4448	0	0.000000	N
hsa-mir-4449	2	0.391011	N
hsa-mir-4450	0	0.000000	N
hsa-mir-4451	0	0.000000	N
hsa-mir-4452	0	0.000000	N
hsa-mir-4453	0	0.000000	N
hsa-mir-4454	0	0.000000	N
hsa-mir-4455	0	0.000000	N
hsa-mir-4456	0	0.000000	N
hsa-mir-4457	0	0.000000	N
hsa-mir-4458	0	0.000000	N
hsa-mir-4459	0	0.000000	N
hsa-mir-4460	0	0.000000	N
hsa-mir-4461	3	0.586517	N
hsa-mir-4462	0	0.000000	N
hsa-mir-4463	0	0.000000	N
hsa-mir-4464	0	0.000000	N
hsa-mir-4465	0	0.000000	N
hsa-mir-4466	0	0.000000	N
hsa-mir-4467	2	0.391011	N
hsa-mir-4468	0	0.000000	N
hsa-mir-4469	0	0.000000	N
hsa-mir-4470	0	0.000000	N
hsa-mir-4471	0	0.000000	N
hsa-mir-4472-1	0	0.000000	N
hsa-mir-4472-2	0	0.000000	N
hsa-mir-4473	8	1.564045	N
hsa-mir-4474	0	0.000000	N
hsa-mir-4475	0	0.000000	N
hsa-mir-4476	0	0.000000	N
hsa-mir-4477a	0	0.000000	N
hsa-mir-4477b	0	0.000000	N
hsa-mir-4478	0	0.000000	N
hsa-mir-4479	0	0.000000	N
hsa-mir-448	0	0.000000	N
hsa-mir-4480	0	0.000000	N
hsa-mir-4481	0	0.000000	N
hsa-mir-4482	1	0.195506	N
hsa-mir-4483	0	0.000000	N
hsa-mir-4484	2	0.391011	N
hsa-mir-4485	0	0.000000	N
hsa-mir-4486	0	0.000000	N
hsa-mir-4487	0	0.000000	N
hsa-mir-4488	0	0.000000	N
hsa-mir-4489	0	0.000000	N
hsa-mir-4490	0	0.000000	N
hsa-mir-4491	0	0.000000	N
hsa-mir-4492	0	0.000000	N
hsa-mir-4493	0	0.000000	N
hsa-mir-4494	0	0.000000	N
hsa-mir-4495	0	0.000000	N
hsa-mir-4496	0	0.000000	N
hsa-mir-4497	0	0.000000	N
hsa-mir-4498	0	0.000000	N
hsa-mir-4499	0	0.000000	N
hsa-mir-449a	18	3.519101	N
hsa-mir-449b	1	0.195506	N
hsa-mir-449c	12	2.346067	N
hsa-mir-4500	0	0.000000	N
hsa-mir-4501	1	0.195506	N
hsa-mir-4502	0	0.000000	N
hsa-mir-4503	0	0.000000	N
hsa-mir-4504	0	0.000000	N
hsa-mir-4505	0	0.000000	N
hsa-mir-4506	0	0.000000	N
hsa-mir-4507	0	0.000000	N
hsa-mir-4508	0	0.000000	N
hsa-mir-4509-1	0	0.000000	N
hsa-mir-4509-2	0	0.000000	N
hsa-mir-4509-3	0	0.000000	N
hsa-mir-450a-1	785	153.471896	N
hsa-mir-450a-2	926	181.038186	N
hsa-mir-450b	1255	245.359528	N
hsa-mir-4510	0	0.000000	N
hsa-mir-4511	1	0.195506	N
hsa-mir-4512	0	0.000000	N
hsa-mir-4513	0	0.000000	N
hsa-mir-4514	0	0.000000	N
hsa-mir-4515	0	0.000000	N
hsa-mir-4516	0	0.000000	N
hsa-mir-4517	0	0.000000	N
hsa-mir-4518	0	0.000000	N
hsa-mir-4519	0	0.000000	N
hsa-mir-451a	84510	16522.178253	N
hsa-mir-451b	0	0.000000	N
hsa-mir-452	499	97.557294	N
hsa-mir-4520-1	0	0.000000	N
hsa-mir-4520-2	0	0.000000	N
hsa-mir-4521	16	3.128090	N
hsa-mir-4522	0	0.000000	N
hsa-mir-4523	3	0.586517	N
hsa-mir-4524a	8	1.564045	N
hsa-mir-4524b	0	0.000000	N
hsa-mir-4525	1	0.195506	N
hsa-mir-4526	1	0.195506	N
hsa-mir-4527	0	0.000000	N
hsa-mir-4528	0	0.000000	N
hsa-mir-4529	0	0.000000	N
hsa-mir-4530	0	0.000000	N
hsa-mir-4531	0	0.000000	N
hsa-mir-4532	0	0.000000	N
hsa-mir-4533	0	0.000000	N
hsa-mir-4534	0	0.000000	N
hsa-mir-4535	0	0.000000	N
hsa-mir-4536-1	1	0.195506	N
hsa-mir-4536-2	3	0.586517	N
hsa-mir-4537	0	0.000000	N
hsa-mir-4538	0	0.000000	N
hsa-mir-4539	0	0.000000	N
hsa-mir-454	1029	201.175262	N
hsa-mir-4540	0	0.000000	N
hsa-mir-455	4219	824.838126	N
hsa-mir-4632	0	0.000000	N
hsa-mir-4633	0	0.000000	N
hsa-mir-4634	0	0.000000	N
hsa-mir-4635	0	0.000000	N
hsa-mir-4636	39	7.624718	N
hsa-mir-4637	0	0.000000	N
hsa-mir-4638	1	0.195506	N
hsa-mir-4639	6	1.173034	N
hsa-mir-4640	1	0.195506	N
hsa-mir-4641	0	0.000000	N
hsa-mir-4642	0	0.000000	N
hsa-mir-4643	0	0.000000	N
hsa-mir-4644	0	0.000000	N
hsa-mir-4645	8	1.564045	N
hsa-mir-4646	0	0.000000	N
hsa-mir-4647	2	0.391011	N
hsa-mir-4648	0	0.000000	N
hsa-mir-4649	0	0.000000	N
hsa-mir-4650-1	0	0.000000	N
hsa-mir-4650-2	0	0.000000	N
hsa-mir-4651	0	0.000000	N
hsa-mir-4652	0	0.000000	N
hsa-mir-4653	0	0.000000	N
hsa-mir-4654	0	0.000000	N
hsa-mir-4655	0	0.000000	N
hsa-mir-4656	1	0.195506	N
hsa-mir-4657	0	0.000000	N
hsa-mir-4658	0	0.000000	N
hsa-mir-4659a	0	0.000000	N
hsa-mir-4659b	0	0.000000	N
hsa-mir-466	0	0.000000	N
hsa-mir-4660	0	0.000000	N
hsa-mir-4661	3	0.586517	N
hsa-mir-4662a	132	25.806739	N
hsa-mir-4662b	3	0.586517	N
hsa-mir-4663	0	0.000000	N
hsa-mir-4664	1	0.195506	N
hsa-mir-4665	0	0.000000	N
hsa-mir-4666a	0	0.000000	N
hsa-mir-4666b	0	0.000000	N
hsa-mir-4667	0	0.000000	N
hsa-mir-4668	0	0.000000	N
hsa-mir-4669	0	0.000000	N
hsa-mir-4670	0	0.000000	N
hsa-mir-4671	0	0.000000	N
hsa-mir-4672	0	0.000000	N
hsa-mir-4673	0	0.000000	N
hsa-mir-4674	0	0.000000	N
hsa-mir-4675	0	0.000000	N
hsa-mir-4676	1	0.195506	N
hsa-mir-4677	15	2.932584	N
hsa-mir-4678	0	0.000000	N
hsa-mir-4679-1	1	0.195506	N
hsa-mir-4679-2	0	0.000000	N
hsa-mir-4680	0	0.000000	N
hsa-mir-4681	0	0.000000	N
hsa-mir-4682	0	0.000000	N
hsa-mir-4683	5	0.977528	N
hsa-mir-4684	0	0.000000	N
hsa-mir-4685	1	0.195506	N
hsa-mir-4686	0	0.000000	N
hsa-mir-4687	1	0.195506	N
hsa-mir-4688	0	0.000000	N
hsa-mir-4689	0	0.000000	N
hsa-mir-4690	0	0.000000	N
hsa-mir-4691	0	0.000000	N
hsa-mir-4692	0	0.000000	N
hsa-mir-4693	0	0.000000	N
hsa-mir-4694	0	0.000000	N
hsa-mir-4695	1	0.195506	N
hsa-mir-4696	0	0.000000	N
hsa-mir-4697	0	0.000000	N
hsa-mir-4698	0	0.000000	N
hsa-mir-4699	0	0.000000	N
hsa-mir-4700	0	0.000000	N
hsa-mir-4701	4	0.782022	N
hsa-mir-4703	3	0.586517	N
hsa-mir-4704	0	0.000000	N
hsa-mir-4705	2	0.391011	N
hsa-mir-4706	0	0.000000	N
hsa-mir-4707	3	0.586517	N
hsa-mir-4708	0	0.000000	N
hsa-mir-4709	3	0.586517	N
hsa-mir-4710	0	0.000000	N
hsa-mir-4711	0	0.000000	N
hsa-mir-4712	0	0.000000	N
hsa-mir-4713	0	0.000000	N
hsa-mir-4714	4	0.782022	N
hsa-mir-4715	0	0.000000	N
hsa-mir-4716	0	0.000000	N
hsa-mir-4717	0	0.000000	N
hsa-mir-4718	0	0.000000	N
hsa-mir-4719	0	0.000000	N
hsa-mir-4720	0	0.000000	N
hsa-mir-4721	0	0.000000	N
hsa-mir-4722	0	0.000000	N
hsa-mir-4723	2	0.391011	N
hsa-mir-4724	0	0.000000	N
hsa-mir-4725	0	0.000000	N
hsa-mir-4726	0	0.000000	N
hsa-mir-4727	0	0.000000	N
hsa-mir-4728	14	2.737078	N
hsa-mir-4729	0	0.000000	N
hsa-mir-4730	0	0.000000	N
hsa-mir-4731	0	0.000000	N
hsa-mir-4732	13	2.541573	N
hsa-mir-4733	1	0.195506	N
hsa-mir-4734	0	0.000000	N
hsa-mir-4735	0	0.000000	N
hsa-mir-4736	0	0.000000	N
hsa-mir-4737	0	0.000000	N
hsa-mir-4738	0	0.000000	N
hsa-mir-4739	0	0.000000	N
hsa-mir-4740	0	0.000000	N
hsa-mir-4741	0	0.000000	N
hsa-mir-4742	20	3.910112	N
hsa-mir-4743	0	0.000000	N
hsa-mir-4744	0	0.000000	N
hsa-mir-4745	1	0.195506	N
hsa-mir-4746	0	0.000000	N
hsa-mir-4747	0	0.000000	N
hsa-mir-4748	0	0.000000	N
hsa-mir-4749	2	0.391011	N
hsa-mir-4750	0	0.000000	N
hsa-mir-4751	1	0.195506	N
hsa-mir-4752	0	0.000000	N
hsa-mir-4753	0	0.000000	N
hsa-mir-4754	0	0.000000	N
hsa-mir-4755	0	0.000000	N
hsa-mir-4756	0	0.000000	N
hsa-mir-4757	0	0.000000	N
hsa-mir-4758	0	0.000000	N
hsa-mir-4759	0	0.000000	N
hsa-mir-4760	0	0.000000	N
hsa-mir-4761	0	0.000000	N
hsa-mir-4762	8	1.564045	N
hsa-mir-4763	0	0.000000	N
hsa-mir-4764	0	0.000000	N
hsa-mir-4765	0	0.000000	N
hsa-mir-4766	0	0.000000	N
hsa-mir-4767	0	0.000000	N
hsa-mir-4768	6	1.173034	N
hsa-mir-4769	0	0.000000	N
hsa-mir-4770	0	0.000000	N
hsa-mir-4771-1	0	0.000000	N
hsa-mir-4771-2	0	0.000000	N
hsa-mir-4772	8	1.564045	N
hsa-mir-4773-1	0	0.000000	N
hsa-mir-4773-2	0	0.000000	N
hsa-mir-4774	0	0.000000	N
hsa-mir-4775	2	0.391011	N
hsa-mir-4776-1	0	0.000000	N
hsa-mir-4776-2	0	0.000000	N
hsa-mir-4777	0	0.000000	N
hsa-mir-4778	0	0.000000	N
hsa-mir-4779	0	0.000000	N
hsa-mir-4780	0	0.000000	N
hsa-mir-4781	6	1.173034	N
hsa-mir-4782	0	0.000000	N
hsa-mir-4783	0	0.000000	N
hsa-mir-4784	0	0.000000	N
hsa-mir-4785	0	0.000000	N
hsa-mir-4786	0	0.000000	N
hsa-mir-4787	4	0.782022	N
hsa-mir-4788	0	0.000000	N
hsa-mir-4789	0	0.000000	N
hsa-mir-4790	0	0.000000	N
hsa-mir-4791	0	0.000000	N
hsa-mir-4792	0	0.000000	N
hsa-mir-4793	0	0.000000	N
hsa-mir-4794	0	0.000000	N
hsa-mir-4795	0	0.000000	N
hsa-mir-4796	8	1.564045	N
hsa-mir-4797	1	0.195506	N
hsa-mir-4798	0	0.000000	N
hsa-mir-4799	0	0.000000	N
hsa-mir-4800	1	0.195506	N
hsa-mir-4801	0	0.000000	N
hsa-mir-4802	19	3.714606	N
hsa-mir-4803	1	0.195506	N
hsa-mir-4804	4	0.782022	N
hsa-mir-483	96	18.768538	N
hsa-mir-484	1377	269.211211	N
hsa-mir-485	136	26.588762	N
hsa-mir-486-1	4505	880.752728	N
hsa-mir-486-2	4629	904.995422	N
hsa-mir-487a	42	8.211235	N
hsa-mir-487b	951	185.925826	N
hsa-mir-488	1	0.195506	N
hsa-mir-489	105	20.528088	N
hsa-mir-490	0	0.000000	N
hsa-mir-491	1	0.195506	N
hsa-mir-492	1	0.195506	N
hsa-mir-493	1223	239.103349	N
hsa-mir-494	277	54.155051	N
hsa-mir-495	387	75.660667	N
hsa-mir-496	11	2.150562	N
hsa-mir-497	468	91.496621	N
hsa-mir-498	0	0.000000	N
hsa-mir-4999	4	0.782022	N
hsa-mir-499a	114	22.287638	N
hsa-mir-499b	0	0.000000	N
hsa-mir-5000	0	0.000000	N
hsa-mir-5001	1	0.195506	N
hsa-mir-5002	1	0.195506	N
hsa-mir-5003	0	0.000000	N
hsa-mir-5004	0	0.000000	N
hsa-mir-5006	0	0.000000	N
hsa-mir-5007	0	0.000000	N
hsa-mir-5008	0	0.000000	N
hsa-mir-5009	1	0.195506	N
hsa-mir-500a	3176	620.925785	Y
hsa-mir-500b	602	117.694371	Y
hsa-mir-501	1775	347.022440	N
hsa-mir-5010	15	2.932584	N
hsa-mir-5011	0	0.000000	N
hsa-mir-502	2763	540.181973	Y
hsa-mir-503	562	109.874147	N
hsa-mir-504	322	62.952803	N
hsa-mir-5047	0	0.000000	N
hsa-mir-505	2324	454.355014	N
hsa-mir-506	651	127.274146	N
hsa-mir-507	18	3.519101	N
hsa-mir-508	2278	445.361757	N
hsa-mir-5087	0	0.000000	N
hsa-mir-5088	0	0.000000	N
hsa-mir-5089	2	0.391011	N
hsa-mir-509-1	251	49.071906	N
hsa-mir-509-2	254	49.658422	N
hsa-mir-509-3	410	80.157296	N
hsa-mir-5090	2	0.391011	N
hsa-mir-5091	8	1.564045	N
hsa-mir-5092	0	0.000000	N
hsa-mir-5093	0	0.000000	N
hsa-mir-5094	1	0.195506	N
hsa-mir-5095	0	0.000000	N
hsa-mir-5096	0	0.000000	N
hsa-mir-510	117	22.874155	N
hsa-mir-5100	1	0.195506	N
hsa-mir-511	54	10.557302	N
hsa-mir-512-1	0	0.000000	N
hsa-mir-512-2	0	0.000000	N
hsa-mir-513a-1	168	32.844941	Y
hsa-mir-513a-2	157	30.694379	Y
hsa-mir-513b	115	22.483144	N
hsa-mir-513c	242	47.312355	Y
hsa-mir-514a-1	482	94.233699	N
hsa-mir-514a-2	492	96.188755	N
hsa-mir-514a-3	477	93.256171	N
hsa-mir-514b	177	34.604491	N
hsa-mir-515-1	0	0.000000	N
hsa-mir-515-2	0	0.000000	N
hsa-mir-516a-1	0	0.000000	N
hsa-mir-516a-2	0	0.000000	N
hsa-mir-516b-1	0	0.000000	N
hsa-mir-516b-2	0	0.000000	N
hsa-mir-517a	1	0.195506	Y
hsa-mir-517b	1	0.195506	Y
hsa-mir-517c	0	0.000000	N
hsa-mir-5186	0	0.000000	N
hsa-mir-5187	0	0.000000	N
hsa-mir-5188	1	0.195506	N
hsa-mir-5189	0	0.000000	N
hsa-mir-518a-1	0	0.000000	N
hsa-mir-518a-2	0	0.000000	N
hsa-mir-518b	0	0.000000	N
hsa-mir-518c	0	0.000000	N
hsa-mir-518d	0	0.000000	N
hsa-mir-518e	0	0.000000	N
hsa-mir-518f	0	0.000000	N
hsa-mir-5190	0	0.000000	N
hsa-mir-5191	0	0.000000	N
hsa-mir-5192	0	0.000000	N
hsa-mir-5193	1	0.195506	N
hsa-mir-5194	0	0.000000	N
hsa-mir-5195	0	0.000000	N
hsa-mir-5196	0	0.000000	N
hsa-mir-5197	0	0.000000	N
hsa-mir-519a-1	0	0.000000	N
hsa-mir-519a-2	0	0.000000	N
hsa-mir-519b	0	0.000000	N
hsa-mir-519c	0	0.000000	N
hsa-mir-519d	0	0.000000	N
hsa-mir-519e	0	0.000000	N
hsa-mir-520a	0	0.000000	N
hsa-mir-520b	0	0.000000	N
hsa-mir-520c	0	0.000000	N
hsa-mir-520d	0	0.000000	N
hsa-mir-520e	0	0.000000	N
hsa-mir-520f	0	0.000000	N
hsa-mir-520g	0	0.000000	N
hsa-mir-520h	0	0.000000	N
hsa-mir-521-1	0	0.000000	N
hsa-mir-521-2	0	0.000000	N
hsa-mir-522	1	0.195506	N
hsa-mir-523	0	0.000000	N
hsa-mir-524	0	0.000000	N
hsa-mir-525	0	0.000000	N
hsa-mir-526a-1	0	0.000000	N
hsa-mir-526a-2	0	0.000000	N
hsa-mir-526b	0	0.000000	N
hsa-mir-527	0	0.000000	N
hsa-mir-532	9781	1912.240273	N
hsa-mir-539	25	4.887640	N
hsa-mir-541	0	0.000000	N
hsa-mir-542	254	49.658422	N
hsa-mir-543	314	61.388758	N
hsa-mir-544a	0	0.000000	N
hsa-mir-544b	0	0.000000	N
hsa-mir-545	0	0.000000	N
hsa-mir-548a-1	0	0.000000	N
hsa-mir-548a-2	0	0.000000	N
hsa-mir-548a-3	0	0.000000	N
hsa-mir-548aa-1	0	0.000000	N
hsa-mir-548aa-2	0	0.000000	N
hsa-mir-548ab	1	0.195506	N
hsa-mir-548ac	0	0.000000	N
hsa-mir-548ad	0	0.000000	N
hsa-mir-548ae-1	0	0.000000	N
hsa-mir-548ae-2	0	0.000000	N
hsa-mir-548ag-1	0	0.000000	N
hsa-mir-548ag-2	3	0.586517	N
hsa-mir-548ah	2	0.391011	N
hsa-mir-548ai	0	0.000000	N
hsa-mir-548aj-1	0	0.000000	N
hsa-mir-548aj-2	0	0.000000	N
hsa-mir-548ak	0	0.000000	N
hsa-mir-548al	1	0.195506	N
hsa-mir-548am	0	0.000000	N
hsa-mir-548an	0	0.000000	N
hsa-mir-548ao	0	0.000000	N
hsa-mir-548ap	0	0.000000	N
hsa-mir-548aq	0	0.000000	N
hsa-mir-548ar	1	0.195506	N
hsa-mir-548as	1	0.195506	N
hsa-mir-548at	0	0.000000	N
hsa-mir-548au	0	0.000000	N
hsa-mir-548av	0	0.000000	N
hsa-mir-548aw	5	0.977528	N
hsa-mir-548ax	6	1.173034	N
hsa-mir-548ay	6	1.173034	N
hsa-mir-548az	1	0.195506	N
hsa-mir-548b	0	0.000000	N
hsa-mir-548ba	17	3.323595	N
hsa-mir-548bb	0	0.000000	N
hsa-mir-548c	0	0.000000	N
hsa-mir-548d-1	2	0.391011	N
hsa-mir-548d-2	1	0.195506	N
hsa-mir-548e	34	6.647190	N
hsa-mir-548f-1	0	0.000000	N
hsa-mir-548f-2	0	0.000000	N
hsa-mir-548f-3	0	0.000000	N
hsa-mir-548f-4	0	0.000000	N
hsa-mir-548f-5	0	0.000000	N
hsa-mir-548g	0	0.000000	N
hsa-mir-548h-1	0	0.000000	N
hsa-mir-548h-2	0	0.000000	N
hsa-mir-548h-3	0	0.000000	N
hsa-mir-548h-4	0	0.000000	N
hsa-mir-548h-5	0	0.000000	N
hsa-mir-548i-1	0	0.000000	N
hsa-mir-548i-2	0	0.000000	N
hsa-mir-548i-3	0	0.000000	N
hsa-mir-548i-4	0	0.000000	N
hsa-mir-548j	6	1.173034	N
hsa-mir-548k	35	6.842696	N
hsa-mir-548l	9	1.759550	N
hsa-mir-548m	0	0.000000	N
hsa-mir-548n	0	0.000000	N
hsa-mir-548o	3	0.586517	N
hsa-mir-548o-2	4	0.782022	N
hsa-mir-548p	0	0.000000	N
hsa-mir-548q	1	0.195506	N
hsa-mir-548s	4	0.782022	N
hsa-mir-548t	3	0.586517	N
hsa-mir-548u	0	0.000000	N
hsa-mir-548v	2	0.391011	N
hsa-mir-548w	0	0.000000	N
hsa-mir-548x	0	0.000000	N
hsa-mir-548x-2	0	0.000000	N
hsa-mir-548y	0	0.000000	N
hsa-mir-548z	0	0.000000	N
hsa-mir-549a	0	0.000000	N
hsa-mir-550a-1	17	3.323595	N
hsa-mir-550a-2	17	3.323595	N
hsa-mir-550a-3	9	1.759550	N
hsa-mir-550b-1	0	0.000000	N
hsa-mir-550b-2	0	0.000000	N
hsa-mir-551a	0	0.000000	N
hsa-mir-551b	4	0.782022	N
hsa-mir-552	2	0.391011	N
hsa-mir-553	0	0.000000	N
hsa-mir-554	0	0.000000	N
hsa-mir-555	0	0.000000	N
hsa-mir-556	9	1.759550	N
hsa-mir-557	0	0.000000	N
hsa-mir-5571	0	0.000000	N
hsa-mir-5572	0	0.000000	N
hsa-mir-5579	1	0.195506	N
hsa-mir-558	0	0.000000	N
hsa-mir-5580	0	0.000000	N
hsa-mir-5581	7	1.368539	N
hsa-mir-5582	1	0.195506	N
hsa-mir-5583-1	0	0.000000	N
hsa-mir-5583-2	0	0.000000	N
hsa-mir-5584	0	0.000000	N
hsa-mir-5585	0	0.000000	N
hsa-mir-5586	4	0.782022	N
hsa-mir-5587	0	0.000000	N
hsa-mir-5588	34	6.647190	N
hsa-mir-5589	0	0.000000	N
hsa-mir-559	2	0.391011	N
hsa-mir-5590	31	6.060674	N
hsa-mir-5591	0	0.000000	N
hsa-mir-561	5	0.977528	N
hsa-mir-562	0	0.000000	N
hsa-mir-563	0	0.000000	N
hsa-mir-564	0	0.000000	N
hsa-mir-566	0	0.000000	N
hsa-mir-567	0	0.000000	N
hsa-mir-568	0	0.000000	N
hsa-mir-5680	0	0.000000	N
hsa-mir-5681a	0	0.000000	N
hsa-mir-5681b	0	0.000000	N
hsa-mir-5682	0	0.000000	N
hsa-mir-5683	2	0.391011	N
hsa-mir-5684	0	0.000000	N
hsa-mir-5685	0	0.000000	N
hsa-mir-5687	2	0.391011	N
hsa-mir-5688	0	0.000000	N
hsa-mir-5689	0	0.000000	N
hsa-mir-569	0	0.000000	N
hsa-mir-5690	4	0.782022	N
hsa-mir-5691	0	0.000000	N
hsa-mir-5692a-1	0	0.000000	N
hsa-mir-5692a-2	0	0.000000	N
hsa-mir-5692b	0	0.000000	N
hsa-mir-5692c-1	0	0.000000	N
hsa-mir-5692c-2	0	0.000000	N
hsa-mir-5693	0	0.000000	N
hsa-mir-5694	0	0.000000	N
hsa-mir-5695	1	0.195506	N
hsa-mir-5696	4	0.782022	N
hsa-mir-5697	0	0.000000	N
hsa-mir-5698	0	0.000000	N
hsa-mir-5699	8	1.564045	N
hsa-mir-570	4	0.782022	N
hsa-mir-5700	0	0.000000	N
hsa-mir-5701-1	0	0.000000	N
hsa-mir-5701-2	0	0.000000	N
hsa-mir-5701-3	0	0.000000	N
hsa-mir-5702	0	0.000000	N
hsa-mir-5703	0	0.000000	N
hsa-mir-5704	0	0.000000	N
hsa-mir-5705	0	0.000000	N
hsa-mir-5706	0	0.000000	N
hsa-mir-5707	0	0.000000	N
hsa-mir-5708	2	0.391011	N
hsa-mir-571	0	0.000000	N
hsa-mir-572	0	0.000000	N
hsa-mir-573	0	0.000000	N
hsa-mir-5739	0	0.000000	N
hsa-mir-574	1952	381.626931	N
hsa-mir-575	0	0.000000	N
hsa-mir-576	101	19.746066	N
hsa-mir-577	15	2.932584	N
hsa-mir-578	0	0.000000	N
hsa-mir-5787	0	0.000000	N
hsa-mir-579	5	0.977528	N
hsa-mir-580	0	0.000000	N
hsa-mir-581	1	0.195506	N
hsa-mir-582	253	49.462917	N
hsa-mir-583	0	0.000000	N
hsa-mir-584	64	12.512358	N
hsa-mir-585	31	6.060674	N
hsa-mir-586	0	0.000000	N
hsa-mir-587	0	0.000000	N
hsa-mir-588	0	0.000000	N
hsa-mir-589	80	15.640448	N
hsa-mir-590	204	39.883142	N
hsa-mir-591	0	0.000000	N
hsa-mir-592	51	9.970786	N
hsa-mir-593	0	0.000000	N
hsa-mir-595	0	0.000000	N
hsa-mir-596	0	0.000000	N
hsa-mir-597	0	0.000000	N
hsa-mir-598	372	72.728083	N
hsa-mir-599	9	1.759550	N
hsa-mir-600	1	0.195506	N
hsa-mir-601	0	0.000000	N
hsa-mir-602	0	0.000000	N
hsa-mir-603	0	0.000000	N
hsa-mir-604	0	0.000000	N
hsa-mir-605	5	0.977528	N
hsa-mir-606	0	0.000000	N
hsa-mir-6068	0	0.000000	N
hsa-mir-6069	0	0.000000	N
hsa-mir-607	0	0.000000	N
hsa-mir-6070	0	0.000000	N
hsa-mir-6071	0	0.000000	N
hsa-mir-6072	0	0.000000	N
hsa-mir-6073	0	0.000000	N
hsa-mir-6074	0	0.000000	N
hsa-mir-6075	0	0.000000	N
hsa-mir-6076	0	0.000000	N
hsa-mir-6077	0	0.000000	N
hsa-mir-6078	0	0.000000	N
hsa-mir-6079	0	0.000000	N
hsa-mir-608	0	0.000000	N
hsa-mir-6080	0	0.000000	N
hsa-mir-6081	0	0.000000	N
hsa-mir-6082	0	0.000000	N
hsa-mir-6083	0	0.000000	N
hsa-mir-6084	0	0.000000	N
hsa-mir-6085	0	0.000000	N
hsa-mir-6086	0	0.000000	N
hsa-mir-6087	9	1.759550	N
hsa-mir-6088	0	0.000000	N
hsa-mir-6089-1	0	0.000000	N
hsa-mir-6089-2	0	0.000000	N
hsa-mir-609	0	0.000000	N
hsa-mir-6090	0	0.000000	N
hsa-mir-610	0	0.000000	N
hsa-mir-611	0	0.000000	N
hsa-mir-612	1	0.195506	N
hsa-mir-6124	0	0.000000	N
hsa-mir-6125	1	0.195506	N
hsa-mir-6126	0	0.000000	N
hsa-mir-6127	0	0.000000	N
hsa-mir-6128	0	0.000000	N
hsa-mir-6129	0	0.000000	N
hsa-mir-613	0	0.000000	N
hsa-mir-6130	0	0.000000	N
hsa-mir-6131	0	0.000000	N
hsa-mir-6132	0	0.000000	N
hsa-mir-6133	0	0.000000	N
hsa-mir-6134	0	0.000000	N
hsa-mir-614	0	0.000000	N
hsa-mir-615	1234	241.253910	N
hsa-mir-616	18	3.519101	N
hsa-mir-6165	0	0.000000	N
hsa-mir-617	0	0.000000	N
hsa-mir-618	26	5.083146	N
hsa-mir-619	0	0.000000	N
hsa-mir-620	0	0.000000	N
hsa-mir-621	0	0.000000	N
hsa-mir-622	0	0.000000	N
hsa-mir-623	0	0.000000	N
hsa-mir-624	16	3.128090	N
hsa-mir-625	26	5.083146	N
hsa-mir-626	0	0.000000	N
hsa-mir-627	3	0.586517	N
hsa-mir-628	191	37.341570	N
hsa-mir-629	238	46.530333	N
hsa-mir-630	0	0.000000	N
hsa-mir-631	0	0.000000	N
hsa-mir-632	4	0.782022	N
hsa-mir-633	0	0.000000	N
hsa-mir-634	0	0.000000	N
hsa-mir-635	1	0.195506	N
hsa-mir-636	1	0.195506	N
hsa-mir-637	0	0.000000	N
hsa-mir-638	0	0.000000	N
hsa-mir-639	4	0.782022	N
hsa-mir-640	0	0.000000	N
hsa-mir-641	66	12.903370	N
hsa-mir-642a	6	1.173034	N
hsa-mir-642b	0	0.000000	N
hsa-mir-643	0	0.000000	N
hsa-mir-644a	0	0.000000	N
hsa-mir-645	0	0.000000	N
hsa-mir-646	0	0.000000	N
hsa-mir-647	0	0.000000	N
hsa-mir-648	0	0.000000	N
hsa-mir-649	0	0.000000	N
hsa-mir-6499	0	0.000000	N
hsa-mir-650	0	0.000000	N
hsa-mir-6500	0	0.000000	N
hsa-mir-6501	3	0.586517	N
hsa-mir-6502	1	0.195506	N
hsa-mir-6503	5	0.977528	N
hsa-mir-6504	0	0.000000	N
hsa-mir-6505	2	0.391011	N
hsa-mir-6506	1	0.195506	N
hsa-mir-6507	3	0.586517	N
hsa-mir-6508	1	0.195506	N
hsa-mir-6509	2	0.391011	N
hsa-mir-651	59	11.534830	N
hsa-mir-6510	0	0.000000	N
hsa-mir-6511a-1	0	0.000000	N
hsa-mir-6511a-2	0	0.000000	N
hsa-mir-6511a-3	0	0.000000	N
hsa-mir-6511a-4	0	0.000000	N
hsa-mir-6511b-1	5	0.977528	N
hsa-mir-6511b-2	10	1.955056	N
hsa-mir-6512	1	0.195506	N
hsa-mir-6513	4	0.782022	N
hsa-mir-6514	6	1.173034	N
hsa-mir-6515	3	0.586517	N
hsa-mir-6516	19	3.714606	N
hsa-mir-652	449	87.782014	N
hsa-mir-653	394	77.029206	N
hsa-mir-654	489	95.602238	N
hsa-mir-655	81	15.835954	N
hsa-mir-656	75	14.662920	N
hsa-mir-657	0	0.000000	N
hsa-mir-658	0	0.000000	N
hsa-mir-659	0	0.000000	N
hsa-mir-660	9340	1826.022304	N
hsa-mir-661	0	0.000000	N
hsa-mir-662	0	0.000000	N
hsa-mir-663a	0	0.000000	N
hsa-mir-663b	0	0.000000	N
hsa-mir-664a	1023	200.002229	N
hsa-mir-664b	51	9.970786	N
hsa-mir-665	2	0.391011	N
hsa-mir-668	12	2.346067	N
hsa-mir-670	0	0.000000	N
hsa-mir-671	72	14.076403	N
hsa-mir-6715a	0	0.000000	N
hsa-mir-6715b	0	0.000000	N
hsa-mir-6716	9	1.759550	N
hsa-mir-6717	0	0.000000	N
hsa-mir-6718	2	0.391011	N
hsa-mir-6719	0	0.000000	N
hsa-mir-6720	0	0.000000	N
hsa-mir-6721	0	0.000000	N
hsa-mir-6722	0	0.000000	N
hsa-mir-6723	0	0.000000	N
hsa-mir-6724-1	0	0.000000	N
hsa-mir-6724-2	0	0.000000	N
hsa-mir-6724-3	0	0.000000	N
hsa-mir-6724-4	0	0.000000	N
hsa-mir-6726	0	0.000000	N
hsa-mir-6727	0	0.000000	N
hsa-mir-6728	0	0.000000	N
hsa-mir-6729	0	0.000000	N
hsa-mir-6730	1	0.195506	N
hsa-mir-6731	0	0.000000	N
hsa-mir-6732	0	0.000000	N
hsa-mir-6733	1	0.195506	N
hsa-mir-6734	0	0.000000	N
hsa-mir-6735	0	0.000000	N
hsa-mir-6736	0	0.000000	N
hsa-mir-6737	1	0.195506	N
hsa-mir-6738	0	0.000000	N
hsa-mir-6739	0	0.000000	N
hsa-mir-6740	0	0.000000	N
hsa-mir-6741	0	0.000000	N
hsa-mir-6742	0	0.000000	N
hsa-mir-6743	2	0.391011	N
hsa-mir-6744	0	0.000000	N
hsa-mir-6745	0	0.000000	N
hsa-mir-6746	0	0.000000	N
hsa-mir-6747	4	0.782022	N
hsa-mir-6748	2	0.391011	N
hsa-mir-6749	0	0.000000	N
hsa-mir-675	18	3.519101	N
hsa-mir-6750	0	0.000000	N
hsa-mir-6751	0	0.000000	N
hsa-mir-6752	0	0.000000	N
hsa-mir-6753	0	0.000000	N
hsa-mir-6754	0	0.000000	N
hsa-mir-6755	2	0.391011	N
hsa-mir-6756	0	0.000000	N
hsa-mir-6757	1	0.195506	N
hsa-mir-6758	0	0.000000	N
hsa-mir-6759	0	0.000000	N
hsa-mir-676	11	2.150562	N
hsa-mir-6760	0	0.000000	N
hsa-mir-6761	2	0.391011	N
hsa-mir-6762	6	1.173034	N
hsa-mir-6763	0	0.000000	N
hsa-mir-6764	3	0.586517	N
hsa-mir-6765	0	0.000000	N
hsa-mir-6766	0	0.000000	N
hsa-mir-6767	0	0.000000	N
hsa-mir-6768	0	0.000000	N
hsa-mir-6769a	0	0.000000	N
hsa-mir-6769b	2	0.391011	N
hsa-mir-6770-1	0	0.000000	N
hsa-mir-6770-2	0	0.000000	N
hsa-mir-6770-3	0	0.000000	N
hsa-mir-6771	0	0.000000	N
hsa-mir-6772	8	1.564045	N
hsa-mir-6773	1	0.195506	N
hsa-mir-6774	1	0.195506	N
hsa-mir-6775	0	0.000000	N
hsa-mir-6776	0	0.000000	N
hsa-mir-6777	2	0.391011	N
hsa-mir-6778	0	0.000000	N
hsa-mir-6779	0	0.000000	N
hsa-mir-6780a	2	0.391011	N
hsa-mir-6780b	0	0.000000	N
hsa-mir-6781	0	0.000000	N
hsa-mir-6782	1	0.195506	N
hsa-mir-6783	0	0.000000	N
hsa-mir-6784	0	0.000000	N
hsa-mir-6785	0	0.000000	N
hsa-mir-6786	1	0.195506	N
hsa-mir-6787	0	0.000000	N
hsa-mir-6788	1	0.195506	N
hsa-mir-6789	0	0.000000	N
hsa-mir-6790	0	0.000000	N
hsa-mir-6791	2	0.391011	N
hsa-mir-6792	1	0.195506	N
hsa-mir-6793	0	0.000000	N
hsa-mir-6794	0	0.000000	N
hsa-mir-6795	0	0.000000	N
hsa-mir-6796	0	0.000000	N
hsa-mir-6797	2	0.391011	N
hsa-mir-6798	0	0.000000	N
hsa-mir-6799	0	0.000000	N
hsa-mir-6800	0	0.000000	N
hsa-mir-6801	0	0.000000	N
hsa-mir-6802	1	0.195506	N
hsa-mir-6803	20	3.910112	N
hsa-mir-6804	0	0.000000	N
hsa-mir-6805	0	0.000000	N
hsa-mir-6806	4	0.782022	N
hsa-mir-6807	0	0.000000	N
hsa-mir-6808	0	0.000000	N
hsa-mir-6809	2	0.391011	N
hsa-mir-6810	5	0.977528	N
hsa-mir-6811	0	0.000000	N
hsa-mir-6812	0	0.000000	N
hsa-mir-6813	0	0.000000	N
hsa-mir-6814	0	0.000000	N
hsa-mir-6815	6	1.173034	N
hsa-mir-6816	0	0.000000	N
hsa-mir-6817	0	0.000000	N
hsa-mir-6818	11	2.150562	N
hsa-mir-6819	0	0.000000	N
hsa-mir-6820	0	0.000000	N
hsa-mir-6821	1	0.195506	N
hsa-mir-6822	1	0.195506	N
hsa-mir-6823	0	0.000000	N
hsa-mir-6824	2	0.391011	N
hsa-mir-6825	0	0.000000	N
hsa-mir-6826	3	0.586517	N
hsa-mir-6827	1	0.195506	N
hsa-mir-6828	0	0.000000	N
hsa-mir-6829	0	0.000000	N
hsa-mir-6830	0	0.000000	N
hsa-mir-6831	0	0.000000	N
hsa-mir-6832	0	0.000000	N
hsa-mir-6833	1	0.195506	N
hsa-mir-6834	0	0.000000	N
hsa-mir-6835	0	0.000000	N
hsa-mir-6836	0	0.000000	N
hsa-mir-6837	1	0.195506	N
hsa-mir-6838	0	0.000000	N
hsa-mir-6839	0	0.000000	N
hsa-mir-6840	0	0.000000	N
hsa-mir-6841	0	0.000000	N
hsa-mir-6842	7	1.368539	N
hsa-mir-6843	0	0.000000	N
hsa-mir-6844	0	0.000000	N
hsa-mir-6845	0	0.000000	N
hsa-mir-6846	0	0.000000	N
hsa-mir-6847	0	0.000000	N
hsa-mir-6848	0	0.000000	N
hsa-mir-6849	0	0.000000	N
hsa-mir-6850	0	0.000000	N
hsa-mir-6851	0	0.000000	N
hsa-mir-6852	5	0.977528	N
hsa-mir-6853	0	0.000000	N
hsa-mir-6854	0	0.000000	N
hsa-mir-6855	1	0.195506	N
hsa-mir-6856	0	0.000000	N
hsa-mir-6857	0	0.000000	N
hsa-mir-6858	2	0.391011	N
hsa-mir-6859-1	0	0.000000	N
hsa-mir-6859-2	0	0.000000	N
hsa-mir-6859-3	0	0.000000	N
hsa-mir-6859-4	0	0.000000	N
hsa-mir-6860	0	0.000000	N
hsa-mir-6861	0	0.000000	N
hsa-mir-6862-1	1	0.195506	N
hsa-mir-6862-2	0	0.000000	N
hsa-mir-6863	0	0.000000	N
hsa-mir-6864	0	0.000000	N
hsa-mir-6865	0	0.000000	N
hsa-mir-6866	4	0.782022	N
hsa-mir-6867	0	0.000000	N
hsa-mir-6868	0	0.000000	N
hsa-mir-6869	0	0.000000	N
hsa-mir-6870	0	0.000000	N
hsa-mir-6871	2	0.391011	N
hsa-mir-6872	1	0.195506	N
hsa-mir-6873	0	0.000000	N
hsa-mir-6874	1	0.195506	N
hsa-mir-6875	1	0.195506	N
hsa-mir-6876	0	0.000000	N
hsa-mir-6877	0	0.000000	N
hsa-mir-6878	0	0.000000	N
hsa-mir-6879	1	0.195506	N
hsa-mir-6880	0	0.000000	N
hsa-mir-6881	0	0.000000	N
hsa-mir-6882	8	1.564045	N
hsa-mir-6883	4	0.782022	N
hsa-mir-6884	0	0.000000	N
hsa-mir-6885	0	0.000000	N
hsa-mir-6886	0	0.000000	N
hsa-mir-6887	0	0.000000	N
hsa-mir-6888	0	0.000000	N
hsa-mir-6889	0	0.000000	N
hsa-mir-6890	0	0.000000	N
hsa-mir-6891	0	0.000000	N
hsa-mir-6892	1	0.195506	N
hsa-mir-6893	0	0.000000	N
hsa-mir-6894	3	0.586517	N
hsa-mir-6895	0	0.000000	N
hsa-mir-7-1	222	43.402243	N
hsa-mir-7-2	154	30.107862	N
hsa-mir-7-3	146	28.543818	N
hsa-mir-708	207	40.469659	N
hsa-mir-7106	0	0.000000	N
hsa-mir-7107	0	0.000000	N
hsa-mir-7108	0	0.000000	N
hsa-mir-7109	1	0.195506	N
hsa-mir-711	0	0.000000	N
hsa-mir-7110	0	0.000000	N
hsa-mir-7111	0	0.000000	N
hsa-mir-7112	0	0.000000	N
hsa-mir-7113	1	0.195506	N
hsa-mir-7114	0	0.000000	N
hsa-mir-7150	0	0.000000	N
hsa-mir-7151	2	0.391011	N
hsa-mir-7152	0	0.000000	N
hsa-mir-7153	0	0.000000	N
hsa-mir-7154	0	0.000000	N
hsa-mir-7155	3	0.586517	N
hsa-mir-7156	0	0.000000	N
hsa-mir-7157	0	0.000000	N
hsa-mir-7158	0	0.000000	N
hsa-mir-7159	0	0.000000	N
hsa-mir-7160	0	0.000000	N
hsa-mir-7161	0	0.000000	N
hsa-mir-7162	0	0.000000	N
hsa-mir-718	0	0.000000	N
hsa-mir-744	379	74.096622	N
hsa-mir-7515	0	0.000000	N
hsa-mir-758	25	4.887640	N
hsa-mir-759	0	0.000000	N
hsa-mir-760	3	0.586517	N
hsa-mir-761	0	0.000000	N
hsa-mir-762	0	0.000000	N
hsa-mir-764	0	0.000000	N
hsa-mir-7641-1	0	0.000000	N
hsa-mir-7641-2	0	0.000000	N
hsa-mir-765	0	0.000000	N
hsa-mir-766	20	3.910112	N
hsa-mir-767	2	0.391011	N
hsa-mir-769	717	140.177515	N
hsa-mir-770	1	0.195506	N
hsa-mir-7702	0	0.000000	N
hsa-mir-7703	0	0.000000	N
hsa-mir-7704	0	0.000000	N
hsa-mir-7705	3	0.586517	N
hsa-mir-7706	38	7.429213	N
hsa-mir-7843	0	0.000000	N
hsa-mir-7844	0	0.000000	N
hsa-mir-7845	0	0.000000	N
hsa-mir-7846	1	0.195506	N
hsa-mir-7847	0	0.000000	N
hsa-mir-7848	0	0.000000	N
hsa-mir-7849	1	0.195506	N
hsa-mir-7850	0	0.000000	N
hsa-mir-7851	0	0.000000	N
hsa-mir-7852	0	0.000000	N
hsa-mir-7853	0	0.000000	N
hsa-mir-7854	3	0.586517	N
hsa-mir-7855	0	0.000000	N
hsa-mir-7856	0	0.000000	N
hsa-mir-7973-1	0	0.000000	N
hsa-mir-7973-2	0	0.000000	N
hsa-mir-7974	0	0.000000	N
hsa-mir-7975	0	0.000000	N
hsa-mir-7976	1	0.195506	N
hsa-mir-7977	0	0.000000	N
hsa-mir-7978	14	2.737078	N
hsa-mir-802	0	0.000000	N
hsa-mir-8052	0	0.000000	N
hsa-mir-8053	0	0.000000	N
hsa-mir-8054	0	0.000000	N
hsa-mir-8055	0	0.000000	N
hsa-mir-8056	0	0.000000	N
hsa-mir-8057	0	0.000000	N
hsa-mir-8058	0	0.000000	N
hsa-mir-8059	0	0.000000	N
hsa-mir-8060	0	0.000000	N
hsa-mir-8061	0	0.000000	N
hsa-mir-8062	0	0.000000	N
hsa-mir-8063	0	0.000000	N
hsa-mir-8064	0	0.000000	N
hsa-mir-8065	0	0.000000	N
hsa-mir-8066	0	0.000000	N
hsa-mir-8067	0	0.000000	N
hsa-mir-8068	0	0.000000	N
hsa-mir-8069-1	0	0.000000	N
hsa-mir-8069-2	0	0.000000	N
hsa-mir-8070	0	0.000000	N
hsa-mir-8071-1	0	0.000000	N
hsa-mir-8071-2	0	0.000000	N
hsa-mir-8072	1	0.195506	N
hsa-mir-8073	0	0.000000	N
hsa-mir-8074	0	0.000000	N
hsa-mir-8075	0	0.000000	N
hsa-mir-8076	0	0.000000	N
hsa-mir-8077	0	0.000000	N
hsa-mir-8078	0	0.000000	N
hsa-mir-8079	0	0.000000	N
hsa-mir-8080	0	0.000000	N
hsa-mir-8081	0	0.000000	N
hsa-mir-8082	0	0.000000	N
hsa-mir-8083	0	0.000000	N
hsa-mir-8084	0	0.000000	N
hsa-mir-8085	0	0.000000	N
hsa-mir-8086	0	0.000000	N
hsa-mir-8087	0	0.000000	N
hsa-mir-8088	0	0.000000	N
hsa-mir-8089	0	0.000000	N
hsa-mir-8485	0	0.000000	N
hsa-mir-873	1	0.195506	N
hsa-mir-874	518	101.271901	N
hsa-mir-875	0	0.000000	N
hsa-mir-876	5	0.977528	N
hsa-mir-877	22	4.301123	N
hsa-mir-885	7	1.368539	N
hsa-mir-887	51	9.970786	N
hsa-mir-888	9	1.759550	N
hsa-mir-889	40	7.820224	N
hsa-mir-890	0	0.000000	N
hsa-mir-891a	46	8.993258	N
hsa-mir-891b	4	0.782022	N
hsa-mir-892a	10	1.955056	N
hsa-mir-892b	1	0.195506	N
hsa-mir-892c	0	0.000000	N
hsa-mir-9-1	907	177.323579	N
hsa-mir-9-2	962	188.076387	N
hsa-mir-9-3	924	180.647174	N
hsa-mir-920	0	0.000000	N
hsa-mir-921	0	0.000000	N
hsa-mir-922	0	0.000000	N
hsa-mir-924	0	0.000000	N
hsa-mir-92a-1	29541	5775.430929	N
hsa-mir-92a-2	24661	4821.363601	N
hsa-mir-92b	1349	263.737054	N
hsa-mir-93	10404	2034.040262	N
hsa-mir-933	0	0.000000	N
hsa-mir-934	1	0.195506	N
hsa-mir-935	0	0.000000	N
hsa-mir-936	0	0.000000	N
hsa-mir-937	5	0.977528	N
hsa-mir-938	0	0.000000	N
hsa-mir-939	0	0.000000	N
hsa-mir-940	5	0.977528	N
hsa-mir-941-1	0	0.000000	N
hsa-mir-941-2	0	0.000000	N
hsa-mir-941-3	0	0.000000	N
hsa-mir-941-4	0	0.000000	N
hsa-mir-941-5	0	0.000000	N
hsa-mir-942	45	8.797752	N
hsa-mir-943	0	0.000000	N
hsa-mir-944	0	0.000000	N
hsa-mir-95	2381	465.498834	N
hsa-mir-9500	0	0.000000	N
hsa-mir-96	245	47.898872	N
hsa-mir-98	10945	2139.808792	N
hsa-mir-99a	33364	6522.848837	Y
hsa-mir-99b	22032	4307.379378	N
